{
  "id": 1296269,
  "name": "Hello-World",
  "full_name": "octocat/Hello-World",
  "owner": "$user",
  "parent":"$repo",
  "private": false,
  "description": "This your first repo!",
  "fork": false,
  "language": "JavaScript",
  "forks_count": 9,
  "stargazers_count": 80,
  "size": 108,
  "default_branch": "master",
  "open_issues_count": 2,
  "pushed_at": "2011-01-26T19:06:43Z",
  "created_at": "2011-01-26T19:01:12Z",
  "updated_at": "2011-01-26T19:14:43Z",
  "subscribers_count": 42,
  "license": {
    "key": "mit",
    "name": "MIT License",
    "spdx_id": "MIT",
    "url": "https://api.github.com/licenses/mit",
    "node_id": "MDc6TGljZW5zZW1pdA=="
  }
}