{
  "login": "octocat",
  "avatar_url": "https://github.com/images/error/octocat_happy.gif",
  "type": "User",
  "name": "monalisa octocat",
  "company": "GitHub",
  "blog": "https://github.com/blog",
  "location": "San Francisco",
  "email": "octocat@github.com",
  "hireable": false,
  "bio": "There once was...",
  "public_repos": 2,
  "followers": 20,
  "following": 0,
  "created_at": "2008-01-14T04:33:35Z",
  "updated_at": "2008-01-14T04:33:35Z",
  "total_private_repos": 100,
  "owned_private_repos": 100
}